Date,Day Name,Start of Week,Month Name,Year,Day of Week,End of Week
01-Jan-24,Monday,31-Dec-23,January,2024,1,06-Jan-24
02-Jan-24,Tuesday,31-Dec-23,January,2024,2,06-Jan-24
03-Jan-24,Wednesday,31-Dec-23,January,2024,3,06-Jan-24
04-Jan-24,Thursday,31-Dec-23,January,2024,4,06-Jan-24
05-Jan-24,Friday,31-Dec-23,January,2024,5,06-Jan-24
06-Jan-24,Saturday,31-Dec-23,January,2024,6,06-Jan-24
07-Jan-24,Sunday,07-Jan-24,January,2024,0,13-Jan-24
08-Jan-24,Monday,07-Jan-24,January,2024,1,13-Jan-24
09-Jan-24,Tuesday,07-Jan-24,January,2024,2,13-Jan-24
10-Jan-24,Wednesday,07-Jan-24,January,2024,3,13-Jan-24
11-Jan-24,Thursday,07-Jan-24,January,2024,4,13-Jan-24
12-Jan-24,Friday,07-Jan-24,January,2024,5,13-Jan-24
13-Jan-24,Saturday,07-Jan-24,January,2024,6,13-Jan-24
14-Jan-24,Sunday,14-Jan-24,January,2024,0,20-Jan-24
15-Jan-24,Monday,14-Jan-24,January,2024,1,20-Jan-24
16-Jan-24,Tuesday,14-Jan-24,January,2024,2,20-Jan-24
17-Jan-24,Wednesday,14-Jan-24,January,2024,3,20-Jan-24
18-Jan-24,Thursday,14-Jan-24,January,2024,4,20-Jan-24
19-Jan-24,Friday,14-Jan-24,January,2024,5,20-Jan-24
20-Jan-24,Saturday,14-Jan-24,January,2024,6,20-Jan-24
21-Jan-24,Sunday,21-Jan-24,January,2024,0,27-Jan-24
22-Jan-24,Monday,21-Jan-24,January,2024,1,27-Jan-24
23-Jan-24,Tuesday,21-Jan-24,January,2024,2,27-Jan-24
24-Jan-24,Wednesday,21-Jan-24,January,2024,3,27-Jan-24
25-Jan-24,Thursday,21-Jan-24,January,2024,4,27-Jan-24
26-Jan-24,Friday,21-Jan-24,January,2024,5,27-Jan-24
27-Jan-24,Saturday,21-Jan-24,January,2024,6,27-Jan-24
28-Jan-24,Sunday,28-Jan-24,January,2024,0,03-Feb-24
29-Jan-24,Monday,28-Jan-24,January,2024,1,03-Feb-24
30-Jan-24,Tuesday,28-Jan-24,January,2024,2,03-Feb-24
31-Jan-24,Wednesday,28-Jan-24,January,2024,3,03-Feb-24
01-Feb-24,Thursday,28-Jan-24,February,2024,4,03-Feb-24
02-Feb-24,Friday,28-Jan-24,February,2024,5,03-Feb-24
03-Feb-24,Saturday,28-Jan-24,February,2024,6,03-Feb-24
04-Feb-24,Sunday,04-Feb-24,February,2024,0,10-Feb-24
05-Feb-24,Monday,04-Feb-24,February,2024,1,10-Feb-24
06-Feb-24,Tuesday,04-Feb-24,February,2024,2,10-Feb-24
07-Feb-24,Wednesday,04-Feb-24,February,2024,3,10-Feb-24
08-Feb-24,Thursday,04-Feb-24,February,2024,4,10-Feb-24
09-Feb-24,Friday,04-Feb-24,February,2024,5,10-Feb-24
10-Feb-24,Saturday,04-Feb-24,February,2024,6,10-Feb-24
11-Feb-24,Sunday,11-Feb-24,February,2024,0,17-Feb-24
12-Feb-24,Monday,11-Feb-24,February,2024,1,17-Feb-24
13-Feb-24,Tuesday,11-Feb-24,February,2024,2,17-Feb-24
14-Feb-24,Wednesday,11-Feb-24,February,2024,3,17-Feb-24
15-Feb-24,Thursday,11-Feb-24,February,2024,4,17-Feb-24
16-Feb-24,Friday,11-Feb-24,February,2024,5,17-Feb-24
17-Feb-24,Saturday,11-Feb-24,February,2024,6,17-Feb-24
18-Feb-24,Sunday,18-Feb-24,February,2024,0,24-Feb-24
19-Feb-24,Monday,18-Feb-24,February,2024,1,24-Feb-24
20-Feb-24,Tuesday,18-Feb-24,February,2024,2,24-Feb-24
21-Feb-24,Wednesday,18-Feb-24,February,2024,3,24-Feb-24
22-Feb-24,Thursday,18-Feb-24,February,2024,4,24-Feb-24
23-Feb-24,Friday,18-Feb-24,February,2024,5,24-Feb-24
24-Feb-24,Saturday,18-Feb-24,February,2024,6,24-Feb-24
25-Feb-24,Sunday,25-Feb-24,February,2024,0,02-Mar-24
26-Feb-24,Monday,25-Feb-24,February,2024,1,02-Mar-24
27-Feb-24,Tuesday,25-Feb-24,February,2024,2,02-Mar-24
28-Feb-24,Wednesday,25-Feb-24,February,2024,3,02-Mar-24
29-Feb-24,Thursday,25-Feb-24,February,2024,4,02-Mar-24
01-Mar-24,Friday,25-Feb-24,March,2024,5,02-Mar-24
02-Mar-24,Saturday,25-Feb-24,March,2024,6,02-Mar-24
03-Mar-24,Sunday,03-Mar-24,March,2024,0,09-Mar-24
04-Mar-24,Monday,03-Mar-24,March,2024,1,09-Mar-24
05-Mar-24,Tuesday,03-Mar-24,March,2024,2,09-Mar-24
06-Mar-24,Wednesday,03-Mar-24,March,2024,3,09-Mar-24
07-Mar-24,Thursday,03-Mar-24,March,2024,4,09-Mar-24
08-Mar-24,Friday,03-Mar-24,March,2024,5,09-Mar-24
09-Mar-24,Saturday,03-Mar-24,March,2024,6,09-Mar-24
10-Mar-24,Sunday,10-Mar-24,March,2024,0,16-Mar-24
11-Mar-24,Monday,10-Mar-24,March,2024,1,16-Mar-24
12-Mar-24,Tuesday,10-Mar-24,March,2024,2,16-Mar-24
13-Mar-24,Wednesday,10-Mar-24,March,2024,3,16-Mar-24
14-Mar-24,Thursday,10-Mar-24,March,2024,4,16-Mar-24
15-Mar-24,Friday,10-Mar-24,March,2024,5,16-Mar-24
16-Mar-24,Saturday,10-Mar-24,March,2024,6,16-Mar-24
17-Mar-24,Sunday,17-Mar-24,March,2024,0,23-Mar-24
18-Mar-24,Monday,17-Mar-24,March,2024,1,23-Mar-24
19-Mar-24,Tuesday,17-Mar-24,March,2024,2,23-Mar-24
20-Mar-24,Wednesday,17-Mar-24,March,2024,3,23-Mar-24
21-Mar-24,Thursday,17-Mar-24,March,2024,4,23-Mar-24
22-Mar-24,Friday,17-Mar-24,March,2024,5,23-Mar-24
23-Mar-24,Saturday,17-Mar-24,March,2024,6,23-Mar-24
24-Mar-24,Sunday,24-Mar-24,March,2024,0,30-Mar-24
25-Mar-24,Monday,24-Mar-24,March,2024,1,30-Mar-24
26-Mar-24,Tuesday,24-Mar-24,March,2024,2,30-Mar-24
27-Mar-24,Wednesday,24-Mar-24,March,2024,3,30-Mar-24
28-Mar-24,Thursday,24-Mar-24,March,2024,4,30-Mar-24
29-Mar-24,Friday,24-Mar-24,March,2024,5,30-Mar-24
30-Mar-24,Saturday,24-Mar-24,March,2024,6,30-Mar-24
31-Mar-24,Sunday,31-Mar-24,March,2024,0,06-Apr-24
01-Apr-24,Monday,31-Mar-24,April,2024,1,06-Apr-24
02-Apr-24,Tuesday,31-Mar-24,April,2024,2,06-Apr-24
03-Apr-24,Wednesday,31-Mar-24,April,2024,3,06-Apr-24
04-Apr-24,Thursday,31-Mar-24,April,2024,4,06-Apr-24
05-Apr-24,Friday,31-Mar-24,April,2024,5,06-Apr-24
06-Apr-24,Saturday,31-Mar-24,April,2024,6,06-Apr-24
07-Apr-24,Sunday,07-Apr-24,April,2024,0,13-Apr-24
08-Apr-24,Monday,07-Apr-24,April,2024,1,13-Apr-24
09-Apr-24,Tuesday,07-Apr-24,April,2024,2,13-Apr-24
10-Apr-24,Wednesday,07-Apr-24,April,2024,3,13-Apr-24
11-Apr-24,Thursday,07-Apr-24,April,2024,4,13-Apr-24
12-Apr-24,Friday,07-Apr-24,April,2024,5,13-Apr-24
13-Apr-24,Saturday,07-Apr-24,April,2024,6,13-Apr-24
14-Apr-24,Sunday,14-Apr-24,April,2024,0,20-Apr-24
15-Apr-24,Monday,14-Apr-24,April,2024,1,20-Apr-24
16-Apr-24,Tuesday,14-Apr-24,April,2024,2,20-Apr-24
17-Apr-24,Wednesday,14-Apr-24,April,2024,3,20-Apr-24
18-Apr-24,Thursday,14-Apr-24,April,2024,4,20-Apr-24
19-Apr-24,Friday,14-Apr-24,April,2024,5,20-Apr-24
20-Apr-24,Saturday,14-Apr-24,April,2024,6,20-Apr-24
21-Apr-24,Sunday,21-Apr-24,April,2024,0,27-Apr-24
22-Apr-24,Monday,21-Apr-24,April,2024,1,27-Apr-24
23-Apr-24,Tuesday,21-Apr-24,April,2024,2,27-Apr-24
24-Apr-24,Wednesday,21-Apr-24,April,2024,3,27-Apr-24
25-Apr-24,Thursday,21-Apr-24,April,2024,4,27-Apr-24
26-Apr-24,Friday,21-Apr-24,April,2024,5,27-Apr-24
27-Apr-24,Saturday,21-Apr-24,April,2024,6,27-Apr-24
28-Apr-24,Sunday,28-Apr-24,April,2024,0,04-May-24
29-Apr-24,Monday,28-Apr-24,April,2024,1,04-May-24
30-Apr-24,Tuesday,28-Apr-24,April,2024,2,04-May-24
01-Dec-23,Friday,26-Nov-23,December,2023,5,02-Dec-23
02-Dec-23,Saturday,26-Nov-23,December,2023,6,02-Dec-23
03-Dec-23,Sunday,03-Dec-23,December,2023,0,09-Dec-23
04-Dec-23,Monday,03-Dec-23,December,2023,1,09-Dec-23
05-Dec-23,Tuesday,03-Dec-23,December,2023,2,09-Dec-23
06-Dec-23,Wednesday,03-Dec-23,December,2023,3,09-Dec-23
07-Dec-23,Thursday,03-Dec-23,December,2023,4,09-Dec-23
08-Dec-23,Friday,03-Dec-23,December,2023,5,09-Dec-23
09-Dec-23,Saturday,03-Dec-23,December,2023,6,09-Dec-23
10-Dec-23,Sunday,10-Dec-23,December,2023,0,16-Dec-23
11-Dec-23,Monday,10-Dec-23,December,2023,1,16-Dec-23
12-Dec-23,Tuesday,10-Dec-23,December,2023,2,16-Dec-23
13-Dec-23,Wednesday,10-Dec-23,December,2023,3,16-Dec-23
14-Dec-23,Thursday,10-Dec-23,December,2023,4,16-Dec-23
15-Dec-23,Friday,10-Dec-23,December,2023,5,16-Dec-23
16-Dec-23,Saturday,10-Dec-23,December,2023,6,16-Dec-23
17-Dec-23,Sunday,17-Dec-23,December,2023,0,23-Dec-23
18-Dec-23,Monday,17-Dec-23,December,2023,1,23-Dec-23
19-Dec-23,Tuesday,17-Dec-23,December,2023,2,23-Dec-23
20-Dec-23,Wednesday,17-Dec-23,December,2023,3,23-Dec-23
21-Dec-23,Thursday,17-Dec-23,December,2023,4,23-Dec-23
22-Dec-23,Friday,17-Dec-23,December,2023,5,23-Dec-23
23-Dec-23,Saturday,17-Dec-23,December,2023,6,23-Dec-23
24-Dec-23,Sunday,24-Dec-23,December,2023,0,30-Dec-23
25-Dec-23,Monday,24-Dec-23,December,2023,1,30-Dec-23
26-Dec-23,Tuesday,24-Dec-23,December,2023,2,30-Dec-23
27-Dec-23,Wednesday,24-Dec-23,December,2023,3,30-Dec-23
28-Dec-23,Thursday,24-Dec-23,December,2023,4,30-Dec-23
29-Dec-23,Friday,24-Dec-23,December,2023,5,30-Dec-23
30-Dec-23,Saturday,24-Dec-23,December,2023,6,30-Dec-23
31-Dec-23,Sunday,31-Dec-23,December,2023,0,06-Jan-24
